manager,name,version,scope,source
pip,ninja,,runtime,requirements.txt
pip,pybind11,,runtime,requirements.txt
pip,diffusers,,runtime,requirements.txt
pip,einops,,runtime,requirements.txt
pip,opencv-python,,runtime,requirements.txt
pip,numpy,,runtime,requirements.txt
pip,torch,,runtime,requirements.txt
pip,transformers,,runtime,requirements.txt
pip,torchvision,,runtime,requirements.txt
pip,omegaconf,,runtime,requirements.txt
pip,tqdm,,runtime,requirements.txt
pip,trimesh,,runtime,requirements.txt
pip,pymeshlab,,runtime,requirements.txt
pip,pygltflib,,runtime,requirements.txt
pip,xatlas,,runtime,requirements.txt
pip,accelerate,,runtime,requirements.txt
pip,gradio,,runtime,requirements.txt
pip,fastapi,,runtime,requirements.txt
pip,uvicorn,,runtime,requirements.txt
pip,rembg,,runtime,requirements.txt
pip,onnxruntime,,runtime,requirements.txt
