path,type,language,extension,size_bytes,generated_hint,risk
.gitignore,asset,,,3610,False,low
.readthedocs.yaml,config,,.yaml,618,False,low
LICENSE,asset,,,17911,False,low
NOTICE,asset,,,32279,False,low
README.md,documentation,,.md,19148,False,low
README_ja_jp.md,documentation,,.md,10428,False,low
README_zh_cn.md,documentation,,.md,11960,False,low
api_server.py,source,Python,.py,11382,False,medium
assets/1.glb,asset,,.glb,720764,False,low
assets/demo.png,asset,,.png,151014,False,low
assets/env_maps/gradient.jpg,asset,,.jpg,68235,False,low
assets/env_maps/white.jpg,asset,,.jpg,8819,False,low
assets/example_images/004.png,asset,,.png,82425,False,low
assets/example_images/052.png,asset,,.png,151386,False,low
assets/example_images/073.png,asset,,.png,107735,False,low
assets/example_images/075.png,asset,,.png,261670,False,low
assets/example_images/1008.png,asset,,.png,127117,False,low
assets/example_images/101.png,asset,,.png,150532,False,low
assets/example_images/1022.png,asset,,.png,189310,False,low
assets/example_images/1029.png,asset,,.png,170947,False,low
assets/example_images/1037.png,asset,,.png,87870,False,low
assets/example_images/1079.png,asset,,.png,69365,False,low
assets/example_images/1111.png,asset,,.png,133829,False,low
assets/example_images/1123.png,asset,,.png,123524,False,low
assets/example_images/1128.png,asset,,.png,142824,False,low
assets/example_images/1135.png,asset,,.png,598848,False,low
assets/example_images/1146.png,asset,,.png,591263,False,low
assets/example_images/1148.png,asset,,.png,505267,False,low
assets/example_images/1154.png,asset,,.png,806734,False,low
assets/example_images/1180.png,asset,,.png,650239,False,low
assets/example_images/1196.png,asset,,.png,319028,False,low
assets/example_images/1204.png,asset,,.png,469722,False,low
assets/example_images/1234.png,asset,,.png,683020,False,low
assets/example_images/1310.png,asset,,.png,349994,False,low
assets/example_images/1316.png,asset,,.png,499825,False,low
assets/example_images/1354.png,asset,,.png,621931,False,low
assets/example_images/1429.png,asset,,.png,625356,False,low
assets/example_images/1493.png,asset,,.png,132760,False,low
assets/example_images/1582.png,asset,,.png,182184,False,low
assets/example_images/1583.png,asset,,.png,137517,False,low
assets/example_images/1596.png,asset,,.png,191746,False,low
assets/example_images/1601.png,asset,,.png,198760,False,low
assets/example_images/1603.png,asset,,.png,197398,False,low
assets/example_images/1626.png,asset,,.png,111076,False,low
assets/example_images/1627.png,asset,,.png,269408,False,low
assets/example_images/1654.png,asset,,.png,63108,False,low
assets/example_images/167.png,asset,,.png,200695,False,low
assets/example_images/1670.png,asset,,.png,193904,False,low
assets/example_images/1679.png,asset,,.png,132581,False,low
assets/example_images/1687.png,asset,,.png,157743,False,low
assets/example_images/1698.png,asset,,.png,236338,False,low
assets/example_images/1715.png,asset,,.png,255078,False,low
assets/example_images/1735.png,asset,,.png,134865,False,low
assets/example_images/1738.png,asset,,.png,233988,False,low
assets/example_images/1744.png,asset,,.png,127929,False,low
assets/example_images/1758.png,asset,,.png,202004,False,low
assets/example_images/1772.png,asset,,.png,207360,False,low
assets/example_images/1773.png,asset,,.png,168548,False,low
assets/example_images/1778.png,asset,,.png,157988,False,low
assets/example_images/179.png,asset,,.png,48073,False,low
assets/example_images/1898.png,asset,,.png,121238,False,low
assets/example_images/191.png,asset,,.png,142385,False,low
assets/example_images/195.png,asset,,.png,119924,False,low
assets/example_images/197.png,asset,,.png,147455,False,low
assets/example_images/198.png,asset,,.png,210179,False,low
assets/example_images/202.png,asset,,.png,224840,False,low
assets/example_images/203.png,asset,,.png,143678,False,low
assets/example_images/218.png,asset,,.png,183290,False,low
assets/example_images/219.png,asset,,.png,164817,False,low
assets/example_images/379.png,asset,,.png,146849,False,low
assets/example_images/380.png,asset,,.png,178552,False,low
assets/example_images/419.png,asset,,.png,213693,False,low
assets/example_images/583.png,asset,,.png,79696,False,low
assets/example_images/888.png,asset,,.png,162911,False,low
assets/example_images/895.png,asset,,.png,124156,False,low
assets/example_images/example_000.png,asset,,.png,64924,False,low
assets/example_images/example_002.png,asset,,.png,82058,False,low
assets/example_mv_images/1/back.png,asset,,.png,123643,False,low
assets/example_mv_images/1/front.png,asset,,.png,147606,False,low
assets/example_mv_images/1/left.png,asset,,.png,132775,False,low
assets/example_mv_images/10/back.png,asset,,.png,294746,False,low
assets/example_mv_images/10/front.png,asset,,.png,346253,False,low
assets/example_mv_images/10/left.png,asset,,.png,255049,False,low
assets/example_mv_images/11/back.png,asset,,.png,232984,False,low
assets/example_mv_images/11/front.png,asset,,.png,260181,False,low
assets/example_mv_images/11/left.png,asset,,.png,208419,False,low
assets/example_mv_images/12/back.png,asset,,.png,214938,False,low
assets/example_mv_images/12/front.png,asset,,.png,151288,False,low
assets/example_mv_images/12/left.png,asset,,.png,115565,False,low
assets/example_mv_images/13/back.png,asset,,.png,377343,False,low
assets/example_mv_images/13/front.png,asset,,.png,434933,False,low
assets/example_mv_images/13/left.png,asset,,.png,371768,False,low
assets/example_mv_images/14/back.png,asset,,.png,139087,False,low
assets/example_mv_images/14/front.png,asset,,.png,127654,False,low
assets/example_mv_images/14/left.png,asset,,.png,157493,False,low
assets/example_mv_images/2/back.png,asset,,.png,278681,False,low
assets/example_mv_images/2/front.png,asset,,.png,316367,False,low
assets/example_mv_images/2/left.png,asset,,.png,239758,False,low
assets/example_mv_images/3/back.png,asset,,.png,330924,False,low
assets/example_mv_images/3/front.png,asset,,.png,353653,False,low
assets/example_mv_images/3/left.png,asset,,.png,199186,False,low
assets/example_mv_images/4/back.png,asset,,.png,442520,False,low
assets/example_mv_images/4/front.png,asset,,.png,562616,False,low
assets/example_mv_images/4/left.png,asset,,.png,421959,False,low
assets/example_mv_images/5/back.png,asset,,.png,217220,False,low
assets/example_mv_images/5/front.png,asset,,.png,261388,False,low
assets/example_mv_images/5/left.png,asset,,.png,194230,False,low
assets/example_mv_images/6/back.png,asset,,.png,226910,False,low
assets/example_mv_images/6/front.png,asset,,.png,321267,False,low
assets/example_mv_images/6/left.png,asset,,.png,222957,False,low
assets/example_mv_images/7/back.png,asset,,.png,267546,False,low
assets/example_mv_images/7/front.png,asset,,.png,267525,False,low
assets/example_mv_images/7/left.png,asset,,.png,196356,False,low
assets/example_mv_images/8/back.png,asset,,.png,364160,False,low
assets/example_mv_images/8/front.png,asset,,.png,230771,False,low
assets/example_mv_images/8/left.png,asset,,.png,463846,False,low
assets/example_mv_images/9/back.png,asset,,.png,344883,False,low
assets/example_mv_images/9/front.png,asset,,.png,325506,False,low
assets/example_mv_images/9/left.png,asset,,.png,298891,False,low
assets/example_prompts.txt,documentation,,.txt,316,False,low
assets/images/arch.jpg,asset,,.jpg,903034,False,low
assets/images/e2e-1.gif,asset,,.gif,8786876,False,low
assets/images/e2e-2.gif,asset,,.gif,9021984,False,low
assets/images/system.jpg,asset,,.jpg,1569660,False,low
assets/images/teaser.jpg,asset,,.jpg,1867475,False,low
assets/images/teaser_wo_logo.jpg,asset,,.jpg,1587128,False,low
assets/modelviewer-template.html,source,HTML,.html,3228,False,low
assets/modelviewer-textured-template.html,source,HTML,.html,4992,False,low
assets/qrcode/discord.png,asset,,.png,56689,False,low
assets/qrcode/wechat.png,asset,,.png,4745,False,low
assets/qrcode/x.png,asset,,.png,26198,False,low
assets/qrcode/xiaohongshu.png,asset,,.png,84703,False,low
assets/report/Tencent_Hunyuan3D_2_0.pdf,asset,,.pdf,28577679,False,low
blender_addon.py,source,Python,.py,13860,False,low
docs/Makefile,asset,Makefile,,658,False,high
docs/README.md,documentation,,.md,135,False,low
docs/make.bat,asset,,.bat,804,False,low
docs/requirements.txt,documentation,,.txt,290,False,low
docs/source/_static/brand.png,asset,,.png,1090104,False,low
docs/source/_static/css/custom.css,source,CSS,.css,471,False,low
docs/source/_static/favicon.ico,asset,,.ico,15086,False,low
docs/source/_static/image/example_deconv.png,asset,,.png,359949,False,low
docs/source/_static/image/optic_results.png,asset,,.png,175947,False,low
docs/source/_static/image/psf.png,asset,,.png,155284,False,low
docs/source/citation.md,documentation,,.md,1525,False,low
docs/source/conf.py,source,Python,.py,4374,False,low
docs/source/index.md,documentation,,.md,1835,False,low
docs/source/installation/index.md,documentation,,.md,906,False,low
docs/source/modelzoo.md,documentation,,.md,3222,False,low
docs/source/started/api.md,documentation,,.md,501,False,medium
docs/source/started/blender.md,documentation,,.md,284,False,low
docs/source/started/code.md,documentation,,.md,1160,False,low
docs/source/started/comfyui.md,documentation,,.md,20,False,low
docs/source/started/gradio.md,documentation,,.md,1224,False,low
docs/source/started/index.md,documentation,,.md,598,False,low
docs/source/started/studio.md,documentation,,.md,140,False,low
examples/fast_shape_gen_multiview.py,source,Python,.py,1025,False,low
examples/fast_shape_gen_with_flashvdm.py,source,Python,.py,1207,False,low
examples/fast_texture_gen_multiview.py,source,Python,.py,764,False,low
examples/faster_shape_gen_with_flashvdm_mini_turbo.py,source,Python,.py,1293,False,low
examples/shape_gen.py,source,Python,.py,852,False,low
examples/shape_gen_mini.py,source,Python,.py,794,False,low
examples/shape_gen_multiview.py,source,Python,.py,993,False,low
examples/shape_gen_v2_1.py,source,Python,.py,1471,False,low
examples/textured_shape_gen.py,source,Python,.py,652,False,low
examples/textured_shape_gen_mini.py,source,Python,.py,1010,False,low
examples/textured_shape_gen_multiview.py,source,Python,.py,1228,False,low
gradio_app.py,source,Python,.py,31743,False,low
hy3dgen/__init__.py,source,Python,.py,932,False,low
hy3dgen/rembg.py,source,Python,.py,1245,False,low
hy3dgen/shapegen/__init__.py,source,Python,.py,1198,False,low
hy3dgen/shapegen/models/__init__.py,source,Python,.py,1693,False,low
hy3dgen/shapegen/models/autoencoders/__init__.py,source,Python,.py,1380,False,low
hy3dgen/shapegen/models/autoencoders/attention_blocks.py,source,Python,.py,26820,False,low
hy3dgen/shapegen/models/autoencoders/attention_processors.py,source,Python,.py,4009,False,low
hy3dgen/shapegen/models/autoencoders/model.py,source,Python,.py,10759,False,low
hy3dgen/shapegen/models/autoencoders/surface_extractors.py,source,Python,.py,3995,False,low
hy3dgen/shapegen/models/autoencoders/volume_decoders.py,source,Python,.py,18735,False,low
hy3dgen/shapegen/models/conditioner.py,source,Python,.py,9449,False,low
hy3dgen/shapegen/models/denoisers/__init__.py,source,Python,.py,976,False,low
hy3dgen/shapegen/models/denoisers/hunyuan3ddit.py,source,Python,.py,15394,False,low
hy3dgen/shapegen/models/denoisers/hunyuandit.py,source,Python,.py,22025,False,low
hy3dgen/shapegen/models/denoisers/moe_layers.py,source,Python,.py,6503,False,low
hy3dgen/shapegen/pipelines.py,source,Python,.py,32704,False,low
hy3dgen/shapegen/postprocessors.py,source,Python,.py,7262,False,low
hy3dgen/shapegen/preprocessors.py,source,Python,.py,6159,False,low
hy3dgen/shapegen/schedulers.py,source,Python,.py,19477,False,low
hy3dgen/shapegen/surface_loaders.py,source,Python,.py,6346,False,low
hy3dgen/shapegen/utils.py,source,Python,.py,4652,False,low
hy3dgen/texgen/__init__.py,source,Python,.py,1008,False,low
hy3dgen/texgen/custom_rasterizer/custom_rasterizer/__init__.py,source,Python,.py,1172,False,low
hy3dgen/texgen/custom_rasterizer/custom_rasterizer/io_glb.py,source,Python,.py,10520,False,low
hy3dgen/texgen/custom_rasterizer/custom_rasterizer/io_obj.py,source,Python,.py,2729,False,low
hy3dgen/texgen/custom_rasterizer/custom_rasterizer/render.py,source,Python,.py,1644,False,low
hy3dgen/texgen/custom_rasterizer/lib/custom_rasterizer_kernel/__init__.py,source,Python,.py,934,False,low
hy3dgen/texgen/custom_rasterizer/lib/custom_rasterizer_kernel/grid_neighbor.cpp,source,C++,.cpp,23173,False,low
hy3dgen/texgen/custom_rasterizer/lib/custom_rasterizer_kernel/rasterizer.cpp,source,C++,.cpp,6928,False,low
hy3dgen/texgen/custom_rasterizer/lib/custom_rasterizer_kernel/rasterizer.h,source,C/C++ Header,.h,2025,False,low
hy3dgen/texgen/custom_rasterizer/lib/custom_rasterizer_kernel/rasterizer_gpu.cu,asset,,.cu,6537,False,low
hy3dgen/texgen/custom_rasterizer/setup.py,source,Python,.py,718,False,low
hy3dgen/texgen/differentiable_renderer/__init__.py,source,Python,.py,932,False,low
hy3dgen/texgen/differentiable_renderer/camera_utils.py,source,Python,.py,3969,False,low
hy3dgen/texgen/differentiable_renderer/compile_mesh_painter.bat,asset,,.bat,206,False,low
hy3dgen/texgen/differentiable_renderer/mesh_processor.cpp,source,C++,.cpp,6559,False,low
hy3dgen/texgen/differentiable_renderer/mesh_processor.py,source,Python,.py,3917,False,low
hy3dgen/texgen/differentiable_renderer/mesh_render.py,source,Python,.py,32271,False,low
hy3dgen/texgen/differentiable_renderer/mesh_utils.py,source,Python,.py,1630,False,low
hy3dgen/texgen/differentiable_renderer/setup.py,source,Python,.py,2587,False,low
hy3dgen/texgen/hunyuanpaint/__init__.py,source,Python,.py,932,False,low
hy3dgen/texgen/hunyuanpaint/pipeline.py,source,Python,.py,35138,False,low
hy3dgen/texgen/hunyuanpaint/unet/__init__.py,source,Python,.py,932,False,low
hy3dgen/texgen/hunyuanpaint/unet/modules.py,source,Python,.py,26794,False,low
hy3dgen/texgen/pipelines.py,source,Python,.py,10616,False,low
hy3dgen/texgen/utils/__init__.py,source,Python,.py,932,False,low
hy3dgen/texgen/utils/alignImg4Tex_utils.py,source,Python,.py,4885,False,low
hy3dgen/texgen/utils/counter_utils.py,source,Python,.py,1668,False,low
hy3dgen/texgen/utils/dehighlight_utils.py,source,Python,.py,4753,False,low
hy3dgen/texgen/utils/imagesuper_utils.py,source,Python,.py,1662,False,low
hy3dgen/texgen/utils/multiview_utils.py,source,Python,.py,3943,False,low
hy3dgen/texgen/utils/simplify_mesh_utils.py,source,Python,.py,1665,False,low
hy3dgen/texgen/utils/uv_warp_utils.py,source,Python,.py,1411,False,low
hy3dgen/text2image.py,source,Python,.py,3483,False,low
minimal_demo.py,source,Python,.py,1588,False,low
minimal_vae_demo.py,source,Python,.py,1152,False,low
requirements.txt,documentation,,.txt,426,False,low
setup.py,source,Python,.py,1671,False,low
