file,line,module,kind
api_server.py,18,argparse,import
api_server.py,19,asyncio,import
api_server.py,20,base64,import
api_server.py,21,logging,import
api_server.py,22,logging.handlers,import
api_server.py,23,os,import
api_server.py,24,sys,import
api_server.py,25,tempfile,import
api_server.py,26,threading,import
api_server.py,27,traceback,import
api_server.py,28,uuid,import
api_server.py,29,io,from-import
api_server.py,31,torch,import
api_server.py,32,trimesh,import
api_server.py,33,uvicorn,import
api_server.py,34,PIL,from-import
api_server.py,35,fastapi,from-import
api_server.py,36,fastapi.responses,from-import
api_server.py,38,hy3dgen.rembg,from-import
api_server.py,39,hy3dgen.shapegen,from-import
api_server.py,41,hy3dgen.texgen,from-import
api_server.py,42,hy3dgen.text2image,from-import
api_server.py,210,time,import
api_server.py,233,fastapi.middleware.cors,from-import
blender_addon.py,24,base64,import
blender_addon.py,25,os,import
blender_addon.py,26,tempfile,import
blender_addon.py,27,threading,import
blender_addon.py,29,bpy,import
blender_addon.py,30,requests,import
blender_addon.py,31,bpy.props,from-import
docs/source/conf.py,13,os,import
docs/source/conf.py,14,sys,import
examples/fast_shape_gen_multiview.py,1,time,import
examples/fast_shape_gen_multiview.py,3,torch,import
examples/fast_shape_gen_multiview.py,4,PIL,from-import
examples/fast_shape_gen_multiview.py,6,hy3dgen.rembg,from-import
examples/fast_shape_gen_multiview.py,7,hy3dgen.shapegen,from-import
examples/fast_shape_gen_with_flashvdm.py,4,os,import
examples/fast_shape_gen_with_flashvdm.py,5,time,import
examples/fast_shape_gen_with_flashvdm.py,7,torch,import
examples/fast_shape_gen_with_flashvdm.py,8,PIL,from-import
examples/fast_shape_gen_with_flashvdm.py,10,hy3dgen.rembg,from-import
examples/fast_shape_gen_with_flashvdm.py,11,hy3dgen.shapegen,from-import
examples/fast_texture_gen_multiview.py,1,time,import
examples/fast_texture_gen_multiview.py,3,torch,import
examples/fast_texture_gen_multiview.py,4,PIL,from-import
examples/fast_texture_gen_multiview.py,5,trimesh,import
examples/fast_texture_gen_multiview.py,7,hy3dgen.rembg,from-import
examples/fast_texture_gen_multiview.py,8,hy3dgen.texgen,from-import
examples/faster_shape_gen_with_flashvdm_mini_turbo.py,4,os,import
examples/faster_shape_gen_with_flashvdm_mini_turbo.py,5,time,import
examples/faster_shape_gen_with_flashvdm_mini_turbo.py,7,torch,import
examples/faster_shape_gen_with_flashvdm_mini_turbo.py,8,PIL,from-import
examples/faster_shape_gen_with_flashvdm_mini_turbo.py,10,hy3dgen.rembg,from-import
examples/faster_shape_gen_with_flashvdm_mini_turbo.py,11,hy3dgen.shapegen,from-import
examples/shape_gen.py,1,time,import
examples/shape_gen.py,3,torch,import
examples/shape_gen.py,4,PIL,from-import
examples/shape_gen.py,6,hy3dgen.rembg,from-import
examples/shape_gen.py,7,hy3dgen.shapegen,from-import
examples/shape_gen_mini.py,1,time,import
examples/shape_gen_mini.py,3,torch,import
examples/shape_gen_mini.py,4,PIL,from-import
examples/shape_gen_mini.py,6,hy3dgen.rembg,from-import
examples/shape_gen_mini.py,7,hy3dgen.shapegen,from-import
examples/shape_gen_multiview.py,1,time,import
examples/shape_gen_multiview.py,3,torch,import
examples/shape_gen_multiview.py,4,PIL,from-import
examples/shape_gen_multiview.py,6,hy3dgen.rembg,from-import
examples/shape_gen_multiview.py,7,hy3dgen.shapegen,from-import
examples/shape_gen_v2_1.py,15,PIL,from-import
examples/shape_gen_v2_1.py,17,hy3dgen.rembg,from-import
examples/shape_gen_v2_1.py,18,hy3dgen.shapegen,from-import
examples/textured_shape_gen.py,1,PIL,from-import
examples/textured_shape_gen.py,3,hy3dgen.rembg,from-import
examples/textured_shape_gen.py,4,hy3dgen.shapegen,from-import
examples/textured_shape_gen.py,5,hy3dgen.texgen,from-import
examples/textured_shape_gen_mini.py,1,time,import
examples/textured_shape_gen_mini.py,3,torch,import
examples/textured_shape_gen_mini.py,4,PIL,from-import
examples/textured_shape_gen_mini.py,6,hy3dgen.rembg,from-import
examples/textured_shape_gen_mini.py,7,hy3dgen.shapegen,from-import
examples/textured_shape_gen_mini.py,8,hy3dgen.texgen,from-import
examples/textured_shape_gen_multiview.py,1,time,import
examples/textured_shape_gen_multiview.py,3,torch,import
examples/textured_shape_gen_multiview.py,4,PIL,from-import
examples/textured_shape_gen_multiview.py,6,hy3dgen.rembg,from-import
examples/textured_shape_gen_multiview.py,7,hy3dgen.shapegen,from-import
examples/textured_shape_gen_multiview.py,8,hy3dgen.texgen,from-import
gradio_app.py,15,os,import
gradio_app.py,16,random,import
gradio_app.py,17,shutil,import
gradio_app.py,18,time,import
gradio_app.py,19,glob,from-import
gradio_app.py,20,pathlib,from-import
gradio_app.py,22,gradio,import
gradio_app.py,23,torch,import
gradio_app.py,24,trimesh,import
gradio_app.py,25,uvicorn,import
gradio_app.py,26,fastapi,from-import
gradio_app.py,27,fastapi.staticfiles,from-import
gradio_app.py,28,uuid,import
gradio_app.py,30,hy3dgen.shapegen.utils,from-import
gradio_app.py,645,argparse,import
gradio_app.py,695,hy3dgen.texgen,from-import
gradio_app.py,715,hy3dgen.text2image,from-import
gradio_app.py,720,hy3dgen.shapegen,from-import
gradio_app.py,722,hy3dgen.shapegen.pipelines,from-import
gradio_app.py,723,hy3dgen.rembg,from-import
hy3dgen/rembg.py,15,PIL,from-import
hy3dgen/rembg.py,16,rembg,from-import
hy3dgen/shapegen/__init__.py,15,pipelines,from-import
hy3dgen/shapegen/__init__.py,16,postprocessors,from-import
hy3dgen/shapegen/__init__.py,17,preprocessors,from-import
hy3dgen/shapegen/models/__init__.py,26,autoencoders,from-import
hy3dgen/shapegen/models/__init__.py,27,conditioner,from-import
hy3dgen/shapegen/models/__init__.py,28,denoisers,from-import
hy3dgen/shapegen/models/autoencoders/__init__.py,15,attention_blocks,from-import
hy3dgen/shapegen/models/autoencoders/__init__.py,16,attention_processors,from-import
hy3dgen/shapegen/models/autoencoders/__init__.py,18,model,from-import
hy3dgen/shapegen/models/autoencoders/__init__.py,19,surface_extractors,from-import
hy3dgen/shapegen/models/autoencoders/__init__.py,20,volume_decoders,from-import
hy3dgen/shapegen/models/autoencoders/attention_blocks.py,16,os,import
hy3dgen/shapegen/models/autoencoders/attention_blocks.py,17,typing,from-import
hy3dgen/shapegen/models/autoencoders/attention_blocks.py,19,torch,import
hy3dgen/shapegen/models/autoencoders/attention_blocks.py,20,torch.nn,import
hy3dgen/shapegen/models/autoencoders/attention_blocks.py,21,einops,from-import
hy3dgen/shapegen/models/autoencoders/attention_blocks.py,22,torch,from-import
hy3dgen/shapegen/models/autoencoders/attention_blocks.py,24,attention_processors,from-import
hy3dgen/shapegen/models/autoencoders/attention_blocks.py,25,utils,from-import
hy3dgen/shapegen/models/autoencoders/attention_blocks.py,31,sageattention,from-import
hy3dgen/shapegen/models/autoencoders/attention_blocks.py,506,torch_cluster,from-import
hy3dgen/shapegen/models/autoencoders/attention_processors.py,15,os,import
hy3dgen/shapegen/models/autoencoders/attention_processors.py,17,torch,import
hy3dgen/shapegen/models/autoencoders/attention_processors.py,18,torch.nn.functional,import
hy3dgen/shapegen/models/autoencoders/attention_processors.py,23,sageattention,from-import
hy3dgen/shapegen/models/autoencoders/model.py,16,os,import
hy3dgen/shapegen/models/autoencoders/model.py,17,typing,from-import
hy3dgen/shapegen/models/autoencoders/model.py,19,numpy,import
hy3dgen/shapegen/models/autoencoders/model.py,20,torch,import
hy3dgen/shapegen/models/autoencoders/model.py,21,torch.nn,import
hy3dgen/shapegen/models/autoencoders/model.py,22,yaml,import
hy3dgen/shapegen/models/autoencoders/model.py,24,attention_blocks,from-import
hy3dgen/shapegen/models/autoencoders/model.py,25,surface_extractors,from-import
hy3dgen/shapegen/models/autoencoders/model.py,26,volume_decoders,from-import
hy3dgen/shapegen/models/autoencoders/model.py,27,utils,from-import
hy3dgen/shapegen/models/autoencoders/model.py,103,safetensors.torch,import
hy3dgen/shapegen/models/autoencoders/surface_extractors.py,15,typing,from-import
hy3dgen/shapegen/models/autoencoders/surface_extractors.py,17,numpy,import
hy3dgen/shapegen/models/autoencoders/surface_extractors.py,18,torch,import
hy3dgen/shapegen/models/autoencoders/surface_extractors.py,19,skimage,from-import
hy3dgen/shapegen/models/autoencoders/surface_extractors.py,60,traceback,import
hy3dgen/shapegen/models/autoencoders/surface_extractors.py,84,diso,from-import
hy3dgen/shapegen/models/autoencoders/volume_decoders.py,15,typing,from-import
hy3dgen/shapegen/models/autoencoders/volume_decoders.py,17,numpy,import
hy3dgen/shapegen/models/autoencoders/volume_decoders.py,18,torch,import
hy3dgen/shapegen/models/autoencoders/volume_decoders.py,19,torch.nn,import
hy3dgen/shapegen/models/autoencoders/volume_decoders.py,20,torch.nn.functional,import
hy3dgen/shapegen/models/autoencoders/volume_decoders.py,21,einops,from-import
hy3dgen/shapegen/models/autoencoders/volume_decoders.py,22,tqdm,from-import
hy3dgen/shapegen/models/autoencoders/volume_decoders.py,24,attention_blocks,from-import
hy3dgen/shapegen/models/autoencoders/volume_decoders.py,25,attention_processors,from-import
hy3dgen/shapegen/models/autoencoders/volume_decoders.py,26,utils,from-import
hy3dgen/shapegen/models/conditioner.py,25,numpy,import
hy3dgen/shapegen/models/conditioner.py,26,torch,import
hy3dgen/shapegen/models/conditioner.py,27,torch.nn,import
hy3dgen/shapegen/models/conditioner.py,28,torchvision,from-import
hy3dgen/shapegen/models/conditioner.py,29,transformers,from-import
hy3dgen/shapegen/models/denoisers/__init__.py,15,hunyuan3ddit,from-import
hy3dgen/shapegen/models/denoisers/hunyuan3ddit.py,15,math,import
hy3dgen/shapegen/models/denoisers/hunyuan3ddit.py,16,os,import
hy3dgen/shapegen/models/denoisers/hunyuan3ddit.py,17,dataclasses,from-import
hy3dgen/shapegen/models/denoisers/hunyuan3ddit.py,18,typing,from-import
hy3dgen/shapegen/models/denoisers/hunyuan3ddit.py,20,torch,import
hy3dgen/shapegen/models/denoisers/hunyuan3ddit.py,21,einops,from-import
hy3dgen/shapegen/models/denoisers/hunyuan3ddit.py,22,torch,from-import
hy3dgen/shapegen/models/denoisers/hunyuan3ddit.py,27,sageattention,from-import
hy3dgen/shapegen/models/denoisers/hunyuandit.py,15,math,import
hy3dgen/shapegen/models/denoisers/hunyuandit.py,17,numpy,import
hy3dgen/shapegen/models/denoisers/hunyuandit.py,18,torch,import
hy3dgen/shapegen/models/denoisers/hunyuandit.py,19,torch.nn,import
hy3dgen/shapegen/models/denoisers/hunyuandit.py,20,torch.nn.functional,import
hy3dgen/shapegen/models/denoisers/hunyuandit.py,21,einops,from-import
hy3dgen/shapegen/models/denoisers/hunyuandit.py,23,moe_layers,from-import
hy3dgen/shapegen/models/denoisers/moe_layers.py,1,math,import
hy3dgen/shapegen/models/denoisers/moe_layers.py,3,torch,import
hy3dgen/shapegen/models/denoisers/moe_layers.py,4,torch.nn,import
hy3dgen/shapegen/models/denoisers/moe_layers.py,5,torch.nn.functional,import
hy3dgen/shapegen/models/denoisers/moe_layers.py,6,diffusers.models.attention,from-import
hy3dgen/shapegen/models/denoisers/moe_layers.py,47,torch.nn.init,import
hy3dgen/shapegen/pipelines.py,15,copy,import
hy3dgen/shapegen/pipelines.py,16,importlib,import
hy3dgen/shapegen/pipelines.py,17,inspect,import
hy3dgen/shapegen/pipelines.py,18,os,import
hy3dgen/shapegen/pipelines.py,19,typing,from-import
hy3dgen/shapegen/pipelines.py,21,numpy,import
hy3dgen/shapegen/pipelines.py,22,torch,import
hy3dgen/shapegen/pipelines.py,23,trimesh,import
hy3dgen/shapegen/pipelines.py,24,yaml,import
hy3dgen/shapegen/pipelines.py,25,PIL,from-import
hy3dgen/shapegen/pipelines.py,26,diffusers.utils.torch_utils,from-import
hy3dgen/shapegen/pipelines.py,27,diffusers.utils.import_utils,from-import
hy3dgen/shapegen/pipelines.py,28,tqdm,from-import
hy3dgen/shapegen/pipelines.py,30,models.autoencoders,from-import
hy3dgen/shapegen/pipelines.py,31,models.autoencoders,from-import
hy3dgen/shapegen/pipelines.py,32,utils,from-import
hy3dgen/shapegen/pipelines.py,163,safetensors.torch,import
hy3dgen/shapegen/pipelines.py,354,accelerate,from-import
hy3dgen/shapegen/postprocessors.py,15,os,import
hy3dgen/shapegen/postprocessors.py,16,tempfile,import
hy3dgen/shapegen/postprocessors.py,17,typing,from-import
hy3dgen/shapegen/postprocessors.py,19,numpy,import
hy3dgen/shapegen/postprocessors.py,20,pymeshlab,import
hy3dgen/shapegen/postprocessors.py,21,torch,import
hy3dgen/shapegen/postprocessors.py,22,trimesh,import
hy3dgen/shapegen/postprocessors.py,24,models.autoencoders,from-import
hy3dgen/shapegen/postprocessors.py,25,utils,from-import
hy3dgen/shapegen/preprocessors.py,15,cv2,import
hy3dgen/shapegen/preprocessors.py,16,numpy,import
hy3dgen/shapegen/preprocessors.py,17,torch,import
hy3dgen/shapegen/preprocessors.py,18,PIL,from-import
hy3dgen/shapegen/preprocessors.py,19,einops,from-import
hy3dgen/shapegen/schedulers.py,29,math,import
hy3dgen/shapegen/schedulers.py,30,dataclasses,from-import
hy3dgen/shapegen/schedulers.py,31,typing,from-import
hy3dgen/shapegen/schedulers.py,33,numpy,import
hy3dgen/shapegen/schedulers.py,34,torch,import
hy3dgen/shapegen/schedulers.py,35,diffusers.configuration_utils,from-import
hy3dgen/shapegen/schedulers.py,36,diffusers.schedulers.scheduling_utils,from-import
hy3dgen/shapegen/schedulers.py,37,diffusers.utils,from-import
hy3dgen/shapegen/surface_loaders.py,1,numpy,import
hy3dgen/shapegen/surface_loaders.py,3,torch,import
hy3dgen/shapegen/surface_loaders.py,4,trimesh,import
hy3dgen/shapegen/utils.py,15,logging,import
hy3dgen/shapegen/utils.py,16,os,import
hy3dgen/shapegen/utils.py,17,functools,from-import
hy3dgen/shapegen/utils.py,19,torch,import
hy3dgen/shapegen/utils.py,103,huggingface_hub,from-import
hy3dgen/texgen/__init__.py,16,pipelines,from-import
hy3dgen/texgen/custom_rasterizer/custom_rasterizer/__init__.py,20,io_glb,from-import
hy3dgen/texgen/custom_rasterizer/custom_rasterizer/__init__.py,21,io_obj,from-import
hy3dgen/texgen/custom_rasterizer/custom_rasterizer/__init__.py,22,render,from-import
hy3dgen/texgen/custom_rasterizer/custom_rasterizer/io_glb.py,15,base64,import
hy3dgen/texgen/custom_rasterizer/custom_rasterizer/io_glb.py,16,io,import
hy3dgen/texgen/custom_rasterizer/custom_rasterizer/io_glb.py,17,os,import
hy3dgen/texgen/custom_rasterizer/custom_rasterizer/io_glb.py,19,numpy,import
hy3dgen/texgen/custom_rasterizer/custom_rasterizer/io_glb.py,20,PIL,from-import
hy3dgen/texgen/custom_rasterizer/custom_rasterizer/io_glb.py,21,pygltflib,from-import
hy3dgen/texgen/custom_rasterizer/custom_rasterizer/io_glb.py,22,scipy.spatial.transform,from-import
hy3dgen/texgen/custom_rasterizer/custom_rasterizer/io_obj.py,15,cv2,import
hy3dgen/texgen/custom_rasterizer/custom_rasterizer/io_obj.py,16,numpy,import
hy3dgen/texgen/custom_rasterizer/custom_rasterizer/render.py,15,custom_rasterizer_kernel,import
hy3dgen/texgen/custom_rasterizer/custom_rasterizer/render.py,16,torch,import
hy3dgen/texgen/custom_rasterizer/setup.py,1,setuptools,from-import
hy3dgen/texgen/custom_rasterizer/setup.py,2,torch.utils.cpp_extension,from-import
hy3dgen/texgen/differentiable_renderer/camera_utils.py,15,math,import
hy3dgen/texgen/differentiable_renderer/camera_utils.py,17,numpy,import
hy3dgen/texgen/differentiable_renderer/camera_utils.py,18,torch,import
hy3dgen/texgen/differentiable_renderer/mesh_processor.py,15,numpy,import
hy3dgen/texgen/differentiable_renderer/mesh_render.py,15,cv2,import
hy3dgen/texgen/differentiable_renderer/mesh_render.py,16,numpy,import
hy3dgen/texgen/differentiable_renderer/mesh_render.py,17,torch,import
hy3dgen/texgen/differentiable_renderer/mesh_render.py,18,torch.nn.functional,import
hy3dgen/texgen/differentiable_renderer/mesh_render.py,19,trimesh,import
hy3dgen/texgen/differentiable_renderer/mesh_render.py,20,PIL,from-import
hy3dgen/texgen/differentiable_renderer/mesh_render.py,22,camera_utils,from-import
hy3dgen/texgen/differentiable_renderer/mesh_render.py,28,mesh_processor,from-import
hy3dgen/texgen/differentiable_renderer/mesh_render.py,29,mesh_utils,from-import
hy3dgen/texgen/differentiable_renderer/mesh_render.py,145,custom_rasterizer,import
hy3dgen/texgen/differentiable_renderer/mesh_utils.py,15,trimesh,import
hy3dgen/texgen/differentiable_renderer/setup.py,15,setuptools,from-import
hy3dgen/texgen/differentiable_renderer/setup.py,16,pybind11,import
hy3dgen/texgen/differentiable_renderer/setup.py,17,sys,import
hy3dgen/texgen/differentiable_renderer/setup.py,18,platform,import
hy3dgen/texgen/hunyuanpaint/pipeline.py,15,typing,from-import
hy3dgen/texgen/hunyuanpaint/pipeline.py,17,numpy,import
hy3dgen/texgen/hunyuanpaint/pipeline.py,18,numpy,import
hy3dgen/texgen/hunyuanpaint/pipeline.py,19,torch,import
hy3dgen/texgen/hunyuanpaint/pipeline.py,20,torch.distributed,import
hy3dgen/texgen/hunyuanpaint/pipeline.py,21,torch.utils.checkpoint,import
hy3dgen/texgen/hunyuanpaint/pipeline.py,22,transformers,import
hy3dgen/texgen/hunyuanpaint/pipeline.py,23,PIL,from-import
hy3dgen/texgen/hunyuanpaint/pipeline.py,24,diffusers,import
hy3dgen/texgen/hunyuanpaint/pipeline.py,25,diffusers,from-import
hy3dgen/texgen/hunyuanpaint/pipeline.py,33,diffusers.callbacks,from-import
hy3dgen/texgen/hunyuanpaint/pipeline.py,34,diffusers.image_processor,from-import
hy3dgen/texgen/hunyuanpaint/pipeline.py,35,diffusers.image_processor,from-import
hy3dgen/texgen/hunyuanpaint/pipeline.py,36,diffusers.pipelines.stable_diffusion.pipeline_output,from-import
hy3dgen/texgen/hunyuanpaint/pipeline.py,37,diffusers.pipelines.stable_diffusion.pipeline_stable_diffusion,from-import
hy3dgen/texgen/hunyuanpaint/pipeline.py,39,diffusers.schedulers,from-import
hy3dgen/texgen/hunyuanpaint/pipeline.py,40,diffusers.utils,from-import
hy3dgen/texgen/hunyuanpaint/pipeline.py,41,einops,from-import
hy3dgen/texgen/hunyuanpaint/pipeline.py,42,transformers,from-import
hy3dgen/texgen/hunyuanpaint/pipeline.py,44,unet.modules,from-import
hy3dgen/texgen/hunyuanpaint/unet/modules.py,15,copy,import
hy3dgen/texgen/hunyuanpaint/unet/modules.py,16,json,import
hy3dgen/texgen/hunyuanpaint/unet/modules.py,17,os,import
hy3dgen/texgen/hunyuanpaint/unet/modules.py,18,typing,from-import
hy3dgen/texgen/hunyuanpaint/unet/modules.py,20,torch,import
hy3dgen/texgen/hunyuanpaint/unet/modules.py,21,torch.nn,import
hy3dgen/texgen/hunyuanpaint/unet/modules.py,22,torch.nn.functional,import
hy3dgen/texgen/hunyuanpaint/unet/modules.py,23,diffusers.models,from-import
hy3dgen/texgen/hunyuanpaint/unet/modules.py,24,diffusers.models.attention_processor,from-import
hy3dgen/texgen/hunyuanpaint/unet/modules.py,25,diffusers.models.transformers.transformer_2d,from-import
hy3dgen/texgen/hunyuanpaint/unet/modules.py,26,einops,from-import
hy3dgen/texgen/pipelines.py,16,logging,import
hy3dgen/texgen/pipelines.py,17,numpy,import
hy3dgen/texgen/pipelines.py,18,os,import
hy3dgen/texgen/pipelines.py,19,torch,import
hy3dgen/texgen/pipelines.py,20,PIL,from-import
hy3dgen/texgen/pipelines.py,21,typing,from-import
hy3dgen/texgen/pipelines.py,24,differentiable_renderer.mesh_render,from-import
hy3dgen/texgen/pipelines.py,25,utils.dehighlight_utils,from-import
hy3dgen/texgen/pipelines.py,26,utils.multiview_utils,from-import
hy3dgen/texgen/pipelines.py,27,utils.imagesuper_utils,from-import
hy3dgen/texgen/pipelines.py,28,utils.uv_warp_utils,from-import
hy3dgen/texgen/pipelines.py,67,huggingface_hub,import
hy3dgen/texgen/pipelines.py,79,traceback,import
hy3dgen/texgen/utils/alignImg4Tex_utils.py,15,torch,import
hy3dgen/texgen/utils/alignImg4Tex_utils.py,16,diffusers,from-import
hy3dgen/texgen/utils/alignImg4Tex_utils.py,17,diffusers,from-import
hy3dgen/texgen/utils/dehighlight_utils.py,15,cv2,import
hy3dgen/texgen/utils/dehighlight_utils.py,16,numpy,import
hy3dgen/texgen/utils/dehighlight_utils.py,17,torch,import
hy3dgen/texgen/utils/dehighlight_utils.py,18,PIL,from-import
hy3dgen/texgen/utils/dehighlight_utils.py,19,diffusers,from-import
hy3dgen/texgen/utils/imagesuper_utils.py,15,torch,import
hy3dgen/texgen/utils/imagesuper_utils.py,16,diffusers,from-import
hy3dgen/texgen/utils/multiview_utils.py,15,os,import
hy3dgen/texgen/utils/multiview_utils.py,16,random,import
hy3dgen/texgen/utils/multiview_utils.py,18,numpy,import
hy3dgen/texgen/utils/multiview_utils.py,19,torch,import
hy3dgen/texgen/utils/multiview_utils.py,20,typing,from-import
hy3dgen/texgen/utils/multiview_utils.py,21,diffusers,from-import
hy3dgen/texgen/utils/multiview_utils.py,22,diffusers,from-import
hy3dgen/texgen/utils/simplify_mesh_utils.py,15,trimesh,import
hy3dgen/texgen/utils/simplify_mesh_utils.py,26,pymeshlab,import
hy3dgen/texgen/utils/uv_warp_utils.py,15,trimesh,import
hy3dgen/texgen/utils/uv_warp_utils.py,16,xatlas,import
hy3dgen/text2image.py,15,os,import
hy3dgen/text2image.py,16,random,import
hy3dgen/text2image.py,18,numpy,import
hy3dgen/text2image.py,19,torch,import
hy3dgen/text2image.py,20,diffusers,from-import
minimal_demo.py,15,PIL,from-import
minimal_demo.py,17,hy3dgen.rembg,from-import
minimal_demo.py,18,hy3dgen.shapegen,from-import
minimal_demo.py,19,hy3dgen.texgen,from-import
minimal_vae_demo.py,1,torch,import
minimal_vae_demo.py,3,hy3dgen.shapegen.models.autoencoders,from-import
minimal_vae_demo.py,4,hy3dgen.shapegen.surface_loaders,from-import
minimal_vae_demo.py,41,hy3dgen.shapegen.pipelines,from-import
setup.py,15,setuptools,from-import
