file,line,security_area,evidence
api_server.py,233,web-security,from fastapi.middleware.cors import CORSMiddleware
hy3dgen/rembg.py,21,auth,self.session = new_session()
hy3dgen/rembg.py,24,auth,"output = remove(image, session=self.session, bgcolor=[255, 255, 255, 0])"
hy3dgen/shapegen/pipelines.py,69,web-security,"accepts_timesteps = ""timesteps"" in set(inspect.signature(scheduler.set_timesteps).parameters.keys())"
hy3dgen/shapegen/pipelines.py,79,web-security,"accept_sigmas = ""sigmas"" in set(inspect.signature(scheduler.set_timesteps).parameters.keys())"
hy3dgen/shapegen/pipelines.py,462,web-security,"accepts_eta = ""eta"" in set(inspect.signature(self.scheduler.step).parameters.keys())"
hy3dgen/shapegen/pipelines.py,468,web-security,"accepts_generator = ""generator"" in set(inspect.signature(self.scheduler.step).parameters.keys())"
hy3dgen/texgen/custom_rasterizer/lib/custom_rasterizer_kernel/rasterizer.cpp,32,secret-handling,INT64 token = (INT64)z_quantize * MAXINT + (INT64)(idx + 1);
hy3dgen/texgen/custom_rasterizer/lib/custom_rasterizer_kernel/rasterizer.cpp,35,secret-handling,"zbuffer[pixel] = std::min(zbuffer[pixel], token);"
