file,line,kind,name,bases
api_server.py,52,function,build_logger,
api_server.py,95,class,StreamToLogger,"[""object""]"
api_server.py,100,function,__init__,
api_server.py,106,function,__getattr__,
api_server.py,109,function,write,
api_server.py,123,function,flush,
api_server.py,129,function,pretty_print_semaphore,
api_server.py,142,function,load_image_from_base64,
api_server.py,146,class,ModelWorker,[]
api_server.py,147,function,__init__,
api_server.py,173,function,get_queue_length,
api_server.py,180,function,get_status,
api_server.py,187,function,generate,
api_server.py,245,function,generate,
api_server.py,278,function,generate,
api_server.py,288,function,status,
blender_addon.py,34,class,Hunyuan3DProperties,"[""PropertyGroup""]"
blender_addon.py,93,class,Hunyuan3DOperator,"[""Operator""]"
blender_addon.py,112,function,modal,
blender_addon.py,124,function,invoke,
blender_addon.py,181,function,generate_model,
blender_addon.py,269,function,import_handler,
blender_addon.py,299,class,Hunyuan3DPanel,"[""Panel""]"
blender_addon.py,305,function,draw,
blender_addon.py,339,function,register,
blender_addon.py,345,function,unregister,
examples/fast_shape_gen_with_flashvdm.py,28,function,run,
examples/faster_shape_gen_with_flashvdm_mini_turbo.py,30,function,run,
gradio_app.py,35,function,get_example_img_list,
gradio_app.py,40,function,get_example_txt_list,
gradio_app.py,48,function,get_example_mv_list,
gradio_app.py,64,function,gen_save_folder,
gradio_app.py,85,function,export_mesh,
gradio_app.py,97,function,randomize_seed_fn,
gradio_app.py,103,function,build_model_viewer_html,
gradio_app.py,135,function,_gen_shape,
gradio_app.py,242,function,generation_all,
gradio_app.py,307,function,shape_generation,
gradio_app.py,353,function,build_app,
gradio_app.py,579,function,on_gen_mode_change,
gradio_app.py,589,function,on_decode_mode_change,
gradio_app.py,599,function,on_export_click,
hy3dgen/rembg.py,19,class,BackgroundRemover,[]
hy3dgen/rembg.py,20,function,__init__,
hy3dgen/rembg.py,23,function,__call__,
hy3dgen/shapegen/models/autoencoders/attention_blocks.py,37,class,FourierEmbedder,"[""Module""]"
hy3dgen/shapegen/models/autoencoders/attention_blocks.py,74,function,__init__,
hy3dgen/shapegen/models/autoencoders/attention_blocks.py,107,function,get_dims,
hy3dgen/shapegen/models/autoencoders/attention_blocks.py,113,function,forward,
hy3dgen/shapegen/models/autoencoders/attention_blocks.py,134,class,DropPath,"[""Module""]"
hy3dgen/shapegen/models/autoencoders/attention_blocks.py,138,function,__init__,
hy3dgen/shapegen/models/autoencoders/attention_blocks.py,143,function,forward,
hy3dgen/shapegen/models/autoencoders/attention_blocks.py,162,function,extra_repr,
hy3dgen/shapegen/models/autoencoders/attention_blocks.py,166,class,MLP,"[""Module""]"
hy3dgen/shapegen/models/autoencoders/attention_blocks.py,167,function,__init__,
hy3dgen/shapegen/models/autoencoders/attention_blocks.py,181,function,forward,
hy3dgen/shapegen/models/autoencoders/attention_blocks.py,185,class,QKVMultiheadCrossAttention,"[""Module""]"
hy3dgen/shapegen/models/autoencoders/attention_blocks.py,186,function,__init__,
hy3dgen/shapegen/models/autoencoders/attention_blocks.py,203,function,forward,
hy3dgen/shapegen/models/autoencoders/attention_blocks.py,219,class,MultiheadCrossAttention,"[""Module""]"
hy3dgen/shapegen/models/autoencoders/attention_blocks.py,220,function,__init__,
hy3dgen/shapegen/models/autoencoders/attention_blocks.py,250,function,forward,
hy3dgen/shapegen/models/autoencoders/attention_blocks.py,264,class,ResidualCrossAttentionBlock,"[""Module""]"
hy3dgen/shapegen/models/autoencoders/attention_blocks.py,265,function,__init__,
hy3dgen/shapegen/models/autoencoders/attention_blocks.py,296,function,forward,
hy3dgen/shapegen/models/autoencoders/attention_blocks.py,302,class,QKVMultiheadAttention,"[""Module""]"
hy3dgen/shapegen/models/autoencoders/attention_blocks.py,303,function,__init__,
hy3dgen/shapegen/models/autoencoders/attention_blocks.py,318,function,forward,
hy3dgen/shapegen/models/autoencoders/attention_blocks.py,332,class,MultiheadAttention,"[""Module""]"
hy3dgen/shapegen/models/autoencoders/attention_blocks.py,333,function,__init__,
hy3dgen/shapegen/models/autoencoders/attention_blocks.py,359,function,forward,
hy3dgen/shapegen/models/autoencoders/attention_blocks.py,366,class,ResidualAttentionBlock,"[""Module""]"
hy3dgen/shapegen/models/autoencoders/attention_blocks.py,367,function,__init__,
hy3dgen/shapegen/models/autoencoders/attention_blocks.py,392,function,forward,
hy3dgen/shapegen/models/autoencoders/attention_blocks.py,398,class,Transformer,"[""Module""]"
hy3dgen/shapegen/models/autoencoders/attention_blocks.py,399,function,__init__,
hy3dgen/shapegen/models/autoencoders/attention_blocks.py,430,function,forward,
hy3dgen/shapegen/models/autoencoders/attention_blocks.py,436,class,CrossAttentionDecoder,"[""Module""]"
hy3dgen/shapegen/models/autoencoders/attention_blocks.py,438,function,__init__,
hy3dgen/shapegen/models/autoencoders/attention_blocks.py,478,function,set_cross_attention_processor,
hy3dgen/shapegen/models/autoencoders/attention_blocks.py,481,function,set_default_cross_attention_processor,
hy3dgen/shapegen/models/autoencoders/attention_blocks.py,484,function,forward,
hy3dgen/shapegen/models/autoencoders/attention_blocks.py,497,function,fps,
hy3dgen/shapegen/models/autoencoders/attention_blocks.py,511,class,PointCrossAttentionEncoder,"[""Module""]"
hy3dgen/shapegen/models/autoencoders/attention_blocks.py,513,function,__init__,
hy3dgen/shapegen/models/autoencoders/attention_blocks.py,575,function,sample_points_and_latents,
hy3dgen/shapegen/models/autoencoders/attention_blocks.py,674,function,forward,
hy3dgen/shapegen/models/autoencoders/attention_processors.py,29,class,CrossAttentionProcessor,[]
hy3dgen/shapegen/models/autoencoders/attention_processors.py,30,function,__call__,
hy3dgen/shapegen/models/autoencoders/attention_processors.py,35,class,FlashVDMCrossAttentionProcessor,[]
hy3dgen/shapegen/models/autoencoders/attention_processors.py,36,function,__init__,
hy3dgen/shapegen/models/autoencoders/attention_processors.py,39,function,__call__,
hy3dgen/shapegen/models/autoencoders/attention_processors.py,73,function,select_topkv,
hy3dgen/shapegen/models/autoencoders/attention_processors.py,84,class,FlashVDMTopMCrossAttentionProcessor,"[""FlashVDMCrossAttentionProcessor""]"
hy3dgen/shapegen/models/autoencoders/attention_processors.py,85,function,select_topkv,
hy3dgen/shapegen/models/autoencoders/model.py,30,class,DiagonalGaussianDistribution,"[""object""]"
hy3dgen/shapegen/models/autoencoders/model.py,31,function,__init__,
hy3dgen/shapegen/models/autoencoders/model.py,48,function,sample,
hy3dgen/shapegen/models/autoencoders/model.py,52,function,kl,
hy3dgen/shapegen/models/autoencoders/model.py,66,function,nll,
hy3dgen/shapegen/models/autoencoders/model.py,74,function,mode,
hy3dgen/shapegen/models/autoencoders/model.py,78,class,VectsetVAE,"[""Module""]"
hy3dgen/shapegen/models/autoencoders/model.py,82,function,from_single_file,
hy3dgen/shapegen/models/autoencoders/model.py,117,function,from_pretrained,
hy3dgen/shapegen/models/autoencoders/model.py,143,function,init_from_ckpt,
hy3dgen/shapegen/models/autoencoders/model.py,158,function,__init__,
hy3dgen/shapegen/models/autoencoders/model.py,171,function,latents2mesh,
hy3dgen/shapegen/models/autoencoders/model.py,178,function,enable_flashvdm_decoder,
hy3dgen/shapegen/models/autoencoders/model.py,198,class,ShapeVAE,"[""VectsetVAE""]"
hy3dgen/shapegen/models/autoencoders/model.py,199,function,__init__,
hy3dgen/shapegen/models/autoencoders/model.py,279,function,forward,
hy3dgen/shapegen/models/autoencoders/model.py,284,function,encode,
hy3dgen/shapegen/models/autoencoders/model.py,295,function,decode,
hy3dgen/shapegen/models/autoencoders/surface_extractors.py,22,class,Latent2MeshOutput,[]
hy3dgen/shapegen/models/autoencoders/surface_extractors.py,24,function,__init__,
hy3dgen/shapegen/models/autoencoders/surface_extractors.py,29,function,center_vertices,
hy3dgen/shapegen/models/autoencoders/surface_extractors.py,37,class,SurfaceExtractor,[]
hy3dgen/shapegen/models/autoencoders/surface_extractors.py,38,function,_compute_box_stat,
hy3dgen/shapegen/models/autoencoders/surface_extractors.py,47,function,run,
hy3dgen/shapegen/models/autoencoders/surface_extractors.py,50,function,__call__,
hy3dgen/shapegen/models/autoencoders/surface_extractors.py,67,class,MCSurfaceExtractor,"[""SurfaceExtractor""]"
hy3dgen/shapegen/models/autoencoders/surface_extractors.py,68,function,run,
hy3dgen/shapegen/models/autoencoders/surface_extractors.py,79,class,DMCSurfaceExtractor,"[""SurfaceExtractor""]"
hy3dgen/shapegen/models/autoencoders/surface_extractors.py,80,function,run,
hy3dgen/shapegen/models/autoencoders/volume_decoders.py,29,function,extract_near_surface_volume_fn,
hy3dgen/shapegen/models/autoencoders/volume_decoders.py,39,function,get_neighbor,
hy3dgen/shapegen/models/autoencoders/volume_decoders.py,93,function,safe_where,
hy3dgen/shapegen/models/autoencoders/volume_decoders.py,122,function,generate_dense_grid_points,
hy3dgen/shapegen/models/autoencoders/volume_decoders.py,141,class,VanillaVolumeDecoder,[]
hy3dgen/shapegen/models/autoencoders/volume_decoders.py,143,function,__call__,
hy3dgen/shapegen/models/autoencoders/volume_decoders.py,185,class,HierarchicalVolumeDecoding,[]
hy3dgen/shapegen/models/autoencoders/volume_decoders.py,187,function,__call__,
hy3dgen/shapegen/models/autoencoders/volume_decoders.py,280,class,FlashVDMVolumeDecoding,[]
hy3dgen/shapegen/models/autoencoders/volume_decoders.py,281,function,__init__,
hy3dgen/shapegen/models/autoencoders/volume_decoders.py,291,function,__call__,
hy3dgen/shapegen/models/conditioner.py,37,function,get_1d_sincos_pos_embed_from_grid,
hy3dgen/shapegen/models/conditioner.py,57,class,ImageEncoder,"[""Module""]"
hy3dgen/shapegen/models/conditioner.py,58,function,__init__,
hy3dgen/shapegen/models/conditioner.py,91,function,forward,
hy3dgen/shapegen/models/conditioner.py,106,function,unconditional_embedding,
hy3dgen/shapegen/models/conditioner.py,120,class,CLIPImageEncoder,"[""ImageEncoder""]"
hy3dgen/shapegen/models/conditioner.py,127,class,DinoImageEncoder,"[""ImageEncoder""]"
hy3dgen/shapegen/models/conditioner.py,134,class,DinoImageEncoderMV,"[""DinoImageEncoder""]"
hy3dgen/shapegen/models/conditioner.py,135,function,__init__,
hy3dgen/shapegen/models/conditioner.py,154,function,forward,
hy3dgen/shapegen/models/conditioner.py,190,function,unconditional_embedding,
hy3dgen/shapegen/models/conditioner.py,203,function,build_image_encoder,
hy3dgen/shapegen/models/conditioner.py,214,class,DualImageEncoder,"[""Module""]"
hy3dgen/shapegen/models/conditioner.py,215,function,__init__,
hy3dgen/shapegen/models/conditioner.py,224,function,forward,
hy3dgen/shapegen/models/conditioner.py,231,function,unconditional_embedding,
hy3dgen/shapegen/models/conditioner.py,239,class,SingleImageEncoder,"[""Module""]"
hy3dgen/shapegen/models/conditioner.py,240,function,__init__,
hy3dgen/shapegen/models/conditioner.py,247,function,forward,
hy3dgen/shapegen/models/conditioner.py,253,function,unconditional_embedding,
hy3dgen/shapegen/models/denoisers/hunyuan3ddit.py,33,function,attention,
hy3dgen/shapegen/models/denoisers/hunyuan3ddit.py,39,function,timestep_embedding,
hy3dgen/shapegen/models/denoisers/hunyuan3ddit.py,63,class,GELU,"[""Module""]"
hy3dgen/shapegen/models/denoisers/hunyuan3ddit.py,64,function,__init__,
hy3dgen/shapegen/models/denoisers/hunyuan3ddit.py,68,function,forward,
hy3dgen/shapegen/models/denoisers/hunyuan3ddit.py,72,class,MLPEmbedder,"[""Module""]"
hy3dgen/shapegen/models/denoisers/hunyuan3ddit.py,73,function,__init__,
hy3dgen/shapegen/models/denoisers/hunyuan3ddit.py,79,function,forward,
hy3dgen/shapegen/models/denoisers/hunyuan3ddit.py,83,class,RMSNorm,"[""Module""]"
hy3dgen/shapegen/models/denoisers/hunyuan3ddit.py,84,function,__init__,
hy3dgen/shapegen/models/denoisers/hunyuan3ddit.py,88,function,forward,
hy3dgen/shapegen/models/denoisers/hunyuan3ddit.py,95,class,QKNorm,"[""Module""]"
hy3dgen/shapegen/models/denoisers/hunyuan3ddit.py,96,function,__init__,
hy3dgen/shapegen/models/denoisers/hunyuan3ddit.py,101,function,forward,
hy3dgen/shapegen/models/denoisers/hunyuan3ddit.py,107,class,SelfAttention,"[""Module""]"
hy3dgen/shapegen/models/denoisers/hunyuan3ddit.py,108,function,__init__,
hy3dgen/shapegen/models/denoisers/hunyuan3ddit.py,122,function,forward,
hy3dgen/shapegen/models/denoisers/hunyuan3ddit.py,132,class,ModulationOut,[]
hy3dgen/shapegen/models/denoisers/hunyuan3ddit.py,138,class,Modulation,"[""Module""]"
hy3dgen/shapegen/models/denoisers/hunyuan3ddit.py,139,function,__init__,
hy3dgen/shapegen/models/denoisers/hunyuan3ddit.py,145,function,forward,
hy3dgen/shapegen/models/denoisers/hunyuan3ddit.py,155,class,DoubleStreamBlock,"[""Module""]"
hy3dgen/shapegen/models/denoisers/hunyuan3ddit.py,156,function,__init__,
hy3dgen/shapegen/models/denoisers/hunyuan3ddit.py,189,function,forward,
hy3dgen/shapegen/models/denoisers/hunyuan3ddit.py,220,class,SingleStreamBlock,"[""Module""]"
hy3dgen/shapegen/models/denoisers/hunyuan3ddit.py,226,function,__init__,
hy3dgen/shapegen/models/denoisers/hunyuan3ddit.py,254,function,forward,
hy3dgen/shapegen/models/denoisers/hunyuan3ddit.py,270,class,LastLayer,"[""Module""]"
hy3dgen/shapegen/models/denoisers/hunyuan3ddit.py,271,function,__init__,
hy3dgen/shapegen/models/denoisers/hunyuan3ddit.py,277,function,forward,
hy3dgen/shapegen/models/denoisers/hunyuan3ddit.py,284,class,Hunyuan3DDiT,"[""Module""]"
hy3dgen/shapegen/models/denoisers/hunyuan3ddit.py,285,function,__init__,
hy3dgen/shapegen/models/denoisers/hunyuan3ddit.py,381,function,forward,
hy3dgen/shapegen/models/denoisers/hunyuandit.py,26,function,modulate,
hy3dgen/shapegen/models/denoisers/hunyuandit.py,30,function,get_1d_sincos_pos_embed_from_grid,
hy3dgen/shapegen/models/denoisers/hunyuandit.py,50,class,Timesteps,"[""Module""]"
hy3dgen/shapegen/models/denoisers/hunyuandit.py,51,function,__init__,
hy3dgen/shapegen/models/denoisers/hunyuandit.py,63,function,forward,
hy3dgen/shapegen/models/denoisers/hunyuandit.py,79,class,TimestepEmbedder,"[""Module""]"
hy3dgen/shapegen/models/denoisers/hunyuandit.py,84,function,__init__,
hy3dgen/shapegen/models/denoisers/hunyuandit.py,100,function,forward,
hy3dgen/shapegen/models/denoisers/hunyuandit.py,113,class,MLP,"[""Module""]"
hy3dgen/shapegen/models/denoisers/hunyuandit.py,114,function,__init__,
hy3dgen/shapegen/models/denoisers/hunyuandit.py,121,function,forward,
hy3dgen/shapegen/models/denoisers/hunyuandit.py,125,class,CrossAttention,"[""Module""]"
hy3dgen/shapegen/models/denoisers/hunyuandit.py,126,function,__init__,
hy3dgen/shapegen/models/denoisers/hunyuandit.py,164,function,forward,
hy3dgen/shapegen/models/denoisers/hunyuandit.py,230,class,Attention,"[""Module""]"
hy3dgen/shapegen/models/denoisers/hunyuandit.py,235,function,__init__,
hy3dgen/shapegen/models/denoisers/hunyuandit.py,260,function,forward,
hy3dgen/shapegen/models/denoisers/hunyuandit.py,291,class,HunYuanDiTBlock,"[""Module""]"
hy3dgen/shapegen/models/denoisers/hunyuandit.py,292,function,__init__,
hy3dgen/shapegen/models/denoisers/hunyuandit.py,365,function,forward,
hy3dgen/shapegen/models/denoisers/hunyuandit.py,395,class,AttentionPool,"[""Module""]"
hy3dgen/shapegen/models/denoisers/hunyuandit.py,396,function,__init__,
hy3dgen/shapegen/models/denoisers/hunyuandit.py,405,function,forward,
hy3dgen/shapegen/models/denoisers/hunyuandit.py,437,class,FinalLayer,"[""Module""]"
hy3dgen/shapegen/models/denoisers/hunyuandit.py,442,function,__init__,
hy3dgen/shapegen/models/denoisers/hunyuandit.py,448,function,forward,
hy3dgen/shapegen/models/denoisers/hunyuandit.py,455,class,HunYuanDiTPlain,"[""Module""]"
hy3dgen/shapegen/models/denoisers/hunyuandit.py,457,function,__init__,
hy3dgen/shapegen/models/denoisers/hunyuandit.py,555,function,forward,
hy3dgen/shapegen/models/denoisers/moe_layers.py,9,class,AddAuxiliaryLoss,"[""Function""]"
hy3dgen/shapegen/models/denoisers/moe_layers.py,16,function,forward,
hy3dgen/shapegen/models/denoisers/moe_layers.py,23,function,backward,
hy3dgen/shapegen/models/denoisers/moe_layers.py,30,class,MoEGate,"[""Module""]"
hy3dgen/shapegen/models/denoisers/moe_layers.py,31,function,__init__,
hy3dgen/shapegen/models/denoisers/moe_layers.py,46,function,reset_parameters,
hy3dgen/shapegen/models/denoisers/moe_layers.py,50,function,forward,
hy3dgen/shapegen/models/denoisers/moe_layers.py,93,class,MoEBlock,"[""Module""]"
hy3dgen/shapegen/models/denoisers/moe_layers.py,94,function,__init__,
hy3dgen/shapegen/models/denoisers/moe_layers.py,109,function,initialize_weight,
hy3dgen/shapegen/models/denoisers/moe_layers.py,112,function,forward,
hy3dgen/shapegen/models/denoisers/moe_layers.py,133,function,moe_infer,
hy3dgen/shapegen/pipelines.py,35,function,retrieve_timesteps,
hy3dgen/shapegen/pipelines.py,95,function,export_to_trimesh,
hy3dgen/shapegen/pipelines.py,112,function,get_obj_from_str,
hy3dgen/shapegen/pipelines.py,120,function,instantiate_from_config,
hy3dgen/shapegen/pipelines.py,135,class,Hunyuan3DDiTPipeline,[]
hy3dgen/shapegen/pipelines.py,141,function,from_single_file,
hy3dgen/shapegen/pipelines.py,201,function,from_pretrained,
hy3dgen/shapegen/pipelines.py,234,function,__init__,
hy3dgen/shapegen/pipelines.py,253,function,compile,
hy3dgen/shapegen/pipelines.py,258,function,enable_flashvdm,
hy3dgen/shapegen/pipelines.py,300,function,to,
hy3dgen/shapegen/pipelines.py,313,function,_execution_device,
hy3dgen/shapegen/pipelines.py,334,function,enable_model_cpu_offload,
hy3dgen/shapegen/pipelines.py,404,function,maybe_free_model_hooks,
hy3dgen/shapegen/pipelines.py,424,function,encode_cond,
hy3dgen/shapegen/pipelines.py,435,function,cat_recursive,
hy3dgen/shapegen/pipelines.py,445,function,cat_recursive,
hy3dgen/shapegen/pipelines.py,456,function,prepare_extra_step_kwargs,
hy3dgen/shapegen/pipelines.py,473,function,prepare_latents,
hy3dgen/shapegen/pipelines.py,490,function,prepare_image,
hy3dgen/shapegen/pipelines.py,512,function,get_guidance_scale_embedding,
hy3dgen/shapegen/pipelines.py,540,function,set_surface_extractor,
hy3dgen/shapegen/pipelines.py,552,function,__call__,
hy3dgen/shapegen/pipelines.py,648,function,_export,
hy3dgen/shapegen/pipelines.py,680,class,Hunyuan3DDiTFlowMatchingPipeline,"[""Hunyuan3DDiTPipeline""]"
hy3dgen/shapegen/pipelines.py,683,function,__call__,
hy3dgen/shapegen/postprocessors.py,28,function,load_mesh,
hy3dgen/shapegen/postprocessors.py,37,function,reduce_face,
hy3dgen/shapegen/postprocessors.py,54,function,remove_floater,
hy3dgen/shapegen/postprocessors.py,62,function,pymeshlab2trimesh,
hy3dgen/shapegen/postprocessors.py,76,function,trimesh2pymeshlab,
hy3dgen/shapegen/postprocessors.py,91,function,export_mesh,
hy3dgen/shapegen/postprocessors.py,104,function,import_mesh,
hy3dgen/shapegen/postprocessors.py,118,class,FaceReducer,[]
hy3dgen/shapegen/postprocessors.py,120,function,__call__,
hy3dgen/shapegen/postprocessors.py,131,class,FloaterRemover,[]
hy3dgen/shapegen/postprocessors.py,133,function,__call__,
hy3dgen/shapegen/postprocessors.py,143,class,DegenerateFaceRemover,[]
hy3dgen/shapegen/postprocessors.py,145,function,__call__,
hy3dgen/shapegen/postprocessors.py,160,function,mesh_normalize,
hy3dgen/shapegen/postprocessors.py,179,class,MeshSimplifier,[]
hy3dgen/shapegen/postprocessors.py,180,function,__init__,
hy3dgen/shapegen/postprocessors.py,187,function,__call__,
hy3dgen/shapegen/preprocessors.py,22,function,array_to_tensor,
hy3dgen/shapegen/preprocessors.py,30,class,ImageProcessorV2,[]
hy3dgen/shapegen/preprocessors.py,31,function,__init__,
hy3dgen/shapegen/preprocessors.py,36,function,recenter,
hy3dgen/shapegen/preprocessors.py,90,function,load_image,
hy3dgen/shapegen/preprocessors.py,109,function,__call__,
hy3dgen/shapegen/preprocessors.py,120,class,MVImageProcessorV2,"[""ImageProcessorV2""]"
hy3dgen/shapegen/preprocessors.py,126,function,__init__,
hy3dgen/shapegen/preprocessors.py,135,function,__call__,
hy3dgen/shapegen/schedulers.py,43,class,FlowMatchEulerDiscreteSchedulerOutput,"[""BaseOutput""]"
hy3dgen/shapegen/schedulers.py,56,class,FlowMatchEulerDiscreteScheduler,"[""SchedulerMixin"", ""ConfigMixin""]"
hy3dgen/shapegen/schedulers.py,79,function,__init__,
hy3dgen/shapegen/schedulers.py,103,function,step_index,
hy3dgen/shapegen/schedulers.py,110,function,begin_index,
hy3dgen/shapegen/schedulers.py,117,function,set_begin_index,
hy3dgen/shapegen/schedulers.py,127,function,scale_noise,
hy3dgen/shapegen/schedulers.py,175,function,_sigma_to_t,
hy3dgen/shapegen/schedulers.py,178,function,time_shift,
hy3dgen/shapegen/schedulers.py,181,function,set_timesteps,
hy3dgen/shapegen/schedulers.py,223,function,index_for_timestep,
hy3dgen/shapegen/schedulers.py,237,function,_init_step_index,
hy3dgen/shapegen/schedulers.py,245,function,step,
hy3dgen/shapegen/schedulers.py,320,function,__len__,
hy3dgen/shapegen/schedulers.py,325,class,ConsistencyFlowMatchEulerDiscreteSchedulerOutput,"[""BaseOutput""]"
hy3dgen/shapegen/schedulers.py,330,class,ConsistencyFlowMatchEulerDiscreteScheduler,"[""SchedulerMixin"", ""ConfigMixin""]"
hy3dgen/shapegen/schedulers.py,335,function,__init__,
hy3dgen/shapegen/schedulers.py,355,function,step_index,
hy3dgen/shapegen/schedulers.py,362,function,begin_index,
hy3dgen/shapegen/schedulers.py,369,function,set_begin_index,
hy3dgen/shapegen/schedulers.py,379,function,_sigma_to_t,
hy3dgen/shapegen/schedulers.py,382,function,set_timesteps,
hy3dgen/shapegen/schedulers.py,414,function,index_for_timestep,
hy3dgen/shapegen/schedulers.py,428,function,_init_step_index,
hy3dgen/shapegen/schedulers.py,436,function,step,
hy3dgen/shapegen/schedulers.py,479,function,__len__,
hy3dgen/shapegen/surface_loaders.py,7,function,normalize_mesh,
hy3dgen/shapegen/surface_loaders.py,18,function,sample_pointcloud,
hy3dgen/shapegen/surface_loaders.py,26,function,load_surface,
hy3dgen/shapegen/surface_loaders.py,40,function,sharp_sample_pointcloud,
hy3dgen/shapegen/surface_loaders.py,74,function,load_surface_sharpegde,
hy3dgen/shapegen/surface_loaders.py,119,class,SurfaceLoader,[]
hy3dgen/shapegen/surface_loaders.py,120,function,__init__,
hy3dgen/shapegen/surface_loaders.py,123,function,__call__,
hy3dgen/shapegen/surface_loaders.py,141,class,SharpEdgeSurfaceLoader,[]
hy3dgen/shapegen/surface_loaders.py,142,function,__init__,
hy3dgen/shapegen/surface_loaders.py,147,function,__call__,
hy3dgen/shapegen/utils.py,22,function,get_logger,
hy3dgen/shapegen/utils.py,38,class,synchronize_timer,[]
hy3dgen/shapegen/utils.py,57,function,__init__,
hy3dgen/shapegen/utils.py,60,function,__enter__,
hy3dgen/shapegen/utils.py,68,function,__exit__,
hy3dgen/shapegen/utils.py,77,function,__call__,
hy3dgen/shapegen/utils.py,81,function,wrapper,
hy3dgen/shapegen/utils.py,89,function,smart_load_model,
hy3dgen/texgen/custom_rasterizer/custom_rasterizer/io_glb.py,26,function,get_buffer_data,
hy3dgen/texgen/custom_rasterizer/custom_rasterizer/io_glb.py,35,function,get_attribute_data,
hy3dgen/texgen/custom_rasterizer/custom_rasterizer/io_glb.py,62,function,get_image_data,
hy3dgen/texgen/custom_rasterizer/custom_rasterizer/io_glb.py,82,function,convert_triangle_strip_to_triangles,
hy3dgen/texgen/custom_rasterizer/custom_rasterizer/io_glb.py,93,function,convert_triangle_fan_to_triangles,
hy3dgen/texgen/custom_rasterizer/custom_rasterizer/io_glb.py,101,function,get_node_transform,
hy3dgen/texgen/custom_rasterizer/custom_rasterizer/io_glb.py,117,function,get_world_transform,
hy3dgen/texgen/custom_rasterizer/custom_rasterizer/io_glb.py,134,function,LoadGlb,
hy3dgen/texgen/custom_rasterizer/custom_rasterizer/io_glb.py,233,function,RotatePrimitives,
hy3dgen/texgen/custom_rasterizer/custom_rasterizer/io_obj.py,19,function,LoadObj,
hy3dgen/texgen/custom_rasterizer/custom_rasterizer/io_obj.py,37,function,LoadObjWithTexture,
hy3dgen/texgen/custom_rasterizer/custom_rasterizer/render.py,19,function,rasterize,
hy3dgen/texgen/custom_rasterizer/custom_rasterizer/render.py,26,function,interpolate,
hy3dgen/texgen/differentiable_renderer/camera_utils.py,21,function,transform_pos,
hy3dgen/texgen/differentiable_renderer/camera_utils.py,37,function,get_mv_matrix,
hy3dgen/texgen/differentiable_renderer/camera_utils.py,74,function,get_orthographic_projection_matrix,
hy3dgen/texgen/differentiable_renderer/camera_utils.py,100,function,get_perspective_projection_matrix,
hy3dgen/texgen/differentiable_renderer/mesh_processor.py,17,function,meshVerticeInpaint_smooth,
hy3dgen/texgen/differentiable_renderer/mesh_processor.py,80,function,meshVerticeInpaint,
hy3dgen/texgen/differentiable_renderer/mesh_render.py,32,function,stride_from_shape,
hy3dgen/texgen/differentiable_renderer/mesh_render.py,39,function,scatter_add_nd_with_count,
hy3dgen/texgen/differentiable_renderer/mesh_render.py,67,function,linear_grid_put_2d,
hy3dgen/texgen/differentiable_renderer/mesh_render.py,120,class,MeshRender,[]
hy3dgen/texgen/differentiable_renderer/mesh_render.py,121,function,__init__,
hy3dgen/texgen/differentiable_renderer/mesh_render.py,165,function,raster_rasterize,
hy3dgen/texgen/differentiable_renderer/mesh_render.py,179,function,raster_interpolate,
hy3dgen/texgen/differentiable_renderer/mesh_render.py,193,function,raster_texture,
hy3dgen/texgen/differentiable_renderer/mesh_render.py,203,function,raster_antialias,
hy3dgen/texgen/differentiable_renderer/mesh_render.py,213,function,load_mesh,
hy3dgen/texgen/differentiable_renderer/mesh_render.py,228,function,save_mesh,
hy3dgen/texgen/differentiable_renderer/mesh_render.py,233,function,set_mesh,
hy3dgen/texgen/differentiable_renderer/mesh_render.py,263,function,set_texture,
hy3dgen/texgen/differentiable_renderer/mesh_render.py,275,function,set_default_render_resolution,
hy3dgen/texgen/differentiable_renderer/mesh_render.py,280,function,set_default_texture_resolution,
hy3dgen/texgen/differentiable_renderer/mesh_render.py,285,function,get_mesh,
hy3dgen/texgen/differentiable_renderer/mesh_render.py,298,function,get_texture,
hy3dgen/texgen/differentiable_renderer/mesh_render.py,301,function,to,
hy3dgen/texgen/differentiable_renderer/mesh_render.py,309,function,color_rgb_to_srgb,
hy3dgen/texgen/differentiable_renderer/mesh_render.py,338,function,_render,
hy3dgen/texgen/differentiable_renderer/mesh_render.py,377,function,render,
hy3dgen/texgen/differentiable_renderer/mesh_render.py,424,function,render_normal,
hy3dgen/texgen/differentiable_renderer/mesh_render.py,493,function,convert_normal_map,
hy3dgen/texgen/differentiable_renderer/mesh_render.py,512,function,get_pos_from_mvp,
hy3dgen/texgen/differentiable_renderer/mesh_render.py,525,function,render_depth,
hy3dgen/texgen/differentiable_renderer/mesh_render.py,566,function,render_position,
hy3dgen/texgen/differentiable_renderer/mesh_render.py,600,function,render_uvpos,
hy3dgen/texgen/differentiable_renderer/mesh_render.py,609,function,uv_feature_map,
hy3dgen/texgen/differentiable_renderer/mesh_render.py,624,function,render_sketch_from_geometry,
hy3dgen/texgen/differentiable_renderer/mesh_render.py,643,function,render_sketch_from_depth,
hy3dgen/texgen/differentiable_renderer/mesh_render.py,653,function,back_project,
hy3dgen/texgen/differentiable_renderer/mesh_render.py,759,function,bake_texture,
hy3dgen/texgen/differentiable_renderer/mesh_render.py,783,function,fast_bake_texture,
hy3dgen/texgen/differentiable_renderer/mesh_render.py,800,function,uv_inpaint,
hy3dgen/texgen/differentiable_renderer/mesh_utils.py,18,function,load_mesh,
hy3dgen/texgen/differentiable_renderer/mesh_utils.py,30,function,save_mesh,
hy3dgen/texgen/differentiable_renderer/setup.py,20,function,get_platform_specific_args,
hy3dgen/texgen/hunyuanpaint/pipeline.py,47,function,guidance_scale_embedding,
hy3dgen/texgen/hunyuanpaint/pipeline.py,76,function,append_dims,
hy3dgen/texgen/hunyuanpaint/pipeline.py,85,function,scalings_for_boundary_conditions,
hy3dgen/texgen/hunyuanpaint/pipeline.py,93,function,get_predicted_original_sample,
hy3dgen/texgen/hunyuanpaint/pipeline.py,113,function,get_predicted_noise,
hy3dgen/texgen/hunyuanpaint/pipeline.py,131,function,extract_into_tensor,
hy3dgen/texgen/hunyuanpaint/pipeline.py,139,class,DDIMSolver,[]
hy3dgen/texgen/hunyuanpaint/pipeline.py,140,function,__init__,
hy3dgen/texgen/hunyuanpaint/pipeline.py,153,function,to,
hy3dgen/texgen/hunyuanpaint/pipeline.py,159,function,ddim_step,
hy3dgen/texgen/hunyuanpaint/pipeline.py,167,function,update_ema,
hy3dgen/texgen/hunyuanpaint/pipeline.py,180,function,to_rgb_image,
hy3dgen/texgen/hunyuanpaint/pipeline.py,193,class,HunyuanPaintPipeline,"[""StableDiffusionPipeline""]"
hy3dgen/texgen/hunyuanpaint/pipeline.py,195,function,__init__,
hy3dgen/texgen/hunyuanpaint/pipeline.py,227,function,set_turbo,
hy3dgen/texgen/hunyuanpaint/pipeline.py,231,function,encode_images,
hy3dgen/texgen/hunyuanpaint/pipeline.py,244,function,__call__,
hy3dgen/texgen/hunyuanpaint/pipeline.py,281,function,convert_pil_list_to_tensor,
hy3dgen/texgen/hunyuanpaint/pipeline.py,390,function,denoise,
hy3dgen/texgen/hunyuanpaint/unet/modules.py,29,function,_chunked_feed_forward,
hy3dgen/texgen/hunyuanpaint/unet/modules.py,46,class,Basic2p5DTransformerBlock,"[""Module""]"
hy3dgen/texgen/hunyuanpaint/unet/modules.py,47,function,__init__,
hy3dgen/texgen/hunyuanpaint/unet/modules.py,83,function,_initialize_attn_weights,
hy3dgen/texgen/hunyuanpaint/unet/modules.py,98,function,__getattr__,
hy3dgen/texgen/hunyuanpaint/unet/modules.py,104,function,forward,
hy3dgen/texgen/hunyuanpaint/unet/modules.py,302,function,compute_voxel_grid_mask,
hy3dgen/texgen/hunyuanpaint/unet/modules.py,349,function,compute_multi_resolution_mask,
hy3dgen/texgen/hunyuanpaint/unet/modules.py,359,function,compute_discrete_voxel_indice,
hy3dgen/texgen/hunyuanpaint/unet/modules.py,391,function,compute_multi_resolution_discrete_voxel_indice,
hy3dgen/texgen/hunyuanpaint/unet/modules.py,404,class,UNet2p5DConditionModel,"[""Module""]"
hy3dgen/texgen/hunyuanpaint/unet/modules.py,405,function,__init__,
hy3dgen/texgen/hunyuanpaint/unet/modules.py,423,function,from_pretrained,
hy3dgen/texgen/hunyuanpaint/unet/modules.py,436,function,init_condition,
hy3dgen/texgen/hunyuanpaint/unet/modules.py,450,function,init_camera_embedding,
hy3dgen/texgen/hunyuanpaint/unet/modules.py,458,function,init_attention,
hy3dgen/texgen/hunyuanpaint/unet/modules.py,492,function,__getattr__,
hy3dgen/texgen/hunyuanpaint/unet/modules.py,498,function,forward,
hy3dgen/texgen/pipelines.py,33,class,Hunyuan3DTexGenConfig,[]
hy3dgen/texgen/pipelines.py,35,function,__init__,
hy3dgen/texgen/pipelines.py,53,class,Hunyuan3DPaintPipeline,[]
hy3dgen/texgen/pipelines.py,55,function,from_pretrained,
hy3dgen/texgen/pipelines.py,89,function,__init__,
hy3dgen/texgen/pipelines.py,98,function,load_models,
hy3dgen/texgen/pipelines.py,106,function,enable_model_cpu_offload,
hy3dgen/texgen/pipelines.py,110,function,render_normal_multiview,
hy3dgen/texgen/pipelines.py,119,function,render_position_multiview,
hy3dgen/texgen/pipelines.py,128,function,bake_from_multiview,
hy3dgen/texgen/pipelines.py,148,function,texture_inpaint,
hy3dgen/texgen/pipelines.py,155,function,recenter_image,
hy3dgen/texgen/pipelines.py,190,function,__call__,
hy3dgen/texgen/utils/alignImg4Tex_utils.py,21,class,Img2img_Control_Ip_adapter,[]
hy3dgen/texgen/utils/alignImg4Tex_utils.py,22,function,__init__,
hy3dgen/texgen/utils/alignImg4Tex_utils.py,35,function,__call__,
hy3dgen/texgen/utils/alignImg4Tex_utils.py,71,class,HesModel,[]
hy3dgen/texgen/utils/alignImg4Tex_utils.py,72,function,__init__,
hy3dgen/texgen/utils/alignImg4Tex_utils.py,95,function,__call__,
hy3dgen/texgen/utils/counter_utils.py,16,class,RunningStats,[]
hy3dgen/texgen/utils/counter_utils.py,17,function,__init__,
hy3dgen/texgen/utils/counter_utils.py,24,function,add_value,
hy3dgen/texgen/utils/counter_utils.py,35,function,get_count,
hy3dgen/texgen/utils/counter_utils.py,38,function,get_sum,
hy3dgen/texgen/utils/counter_utils.py,41,function,get_mean,
hy3dgen/texgen/utils/counter_utils.py,44,function,get_min,
hy3dgen/texgen/utils/counter_utils.py,47,function,get_max,
hy3dgen/texgen/utils/dehighlight_utils.py,22,class,Light_Shadow_Remover,[]
hy3dgen/texgen/utils/dehighlight_utils.py,23,function,__init__,
hy3dgen/texgen/utils/dehighlight_utils.py,38,function,recorrect_rgb,
hy3dgen/texgen/utils/dehighlight_utils.py,40,function,flat_and_mask,
hy3dgen/texgen/utils/dehighlight_utils.py,69,function,__call__,
hy3dgen/texgen/utils/imagesuper_utils.py,18,class,Image_Super_Net,[]
hy3dgen/texgen/utils/imagesuper_utils.py,19,function,__init__,
hy3dgen/texgen/utils/imagesuper_utils.py,26,function,__call__,
hy3dgen/texgen/utils/multiview_utils.py,25,class,Multiview_Diffusion_Net,[]
hy3dgen/texgen/utils/multiview_utils.py,26,function,__init__,
hy3dgen/texgen/utils/multiview_utils.py,50,function,seed_everything,
hy3dgen/texgen/utils/multiview_utils.py,56,function,__call__,
hy3dgen/texgen/utils/simplify_mesh_utils.py,18,function,remesh_mesh,
hy3dgen/texgen/utils/simplify_mesh_utils.py,25,function,mesh_simplify_trimesh,
hy3dgen/texgen/utils/uv_warp_utils.py,19,function,mesh_uv_wrap,
hy3dgen/text2image.py,23,function,seed_everything,
hy3dgen/text2image.py,30,class,HunyuanDiTPipeline,[]
hy3dgen/text2image.py,31,function,__init__,
hy3dgen/text2image.py,49,function,compile,
hy3dgen/text2image.py,67,function,__call__,
